Workbook

Sheet UEQ_P1
A1: Item | B1: Value
A2: annoying / enjoyable | B2: =+3 -> 3
A3: not understandable / understandable | B3: =+3 -> 3
A4: creative / dull | B4: -2
A5: easy to learn / difficult to learn | B5: -3
A6: valuable / inferior | B6: -3
A7: boring / exciting | B7: =+1 -> 1
A8: not interesting / interesting | B8: =+3 -> 3
A9: unpredictable / predictable | B9: 0
A10: fast / slow | B10: -3
A11: inventive / conventional | B11: -2
A12: obstructive / supportive | B12: =+3 -> 3
A13: good / bad | B13: -3
A14: complicated / easy | B14: =+3 -> 3
A15: unlikable / pleasing | B15: =+1 -> 1
A16: usual / leading edge | B16: =+3 -> 3
A17: unpleasant / pleasant | B17: =+1 -> 1
A18: secure / not secure | B18: -3
A19: motivating / demotivating | B19: -2
A20: meets expectations / does not meet | B20: -3
A21: inefficient / efficient | B21: =+3 -> 3
A22: clear / confusing | B22: -2
A23: impractical / practical | B23: =+3 -> 3
A24: organized / cluttered | B24: -3
A25: attractive / unattractive | B25: -2
A26: friendly / unfriendly | B26: -3
A27: conservative / innovative | B27: =+2 -> 2

Sheet UEQ_P2
A1: Item | B1: Value
A2: annoying / enjoyable | B2: =+3 -> 3
A3: not understandable / understandable | B3: =+3 -> 3
A4: creative / dull | B4: -3
A5: easy to learn / difficult to learn | B5: -3
A6: valuable / inferior | B6: -3
A7: boring / exciting | B7: 3
A8: not interesting / interesting | B8: 3
A9: unpredictable / predictable | B9: 2
A10: fast / slow | B10: -2
A11: inventive / conventional | B11: -2
A12: obstructive / supportive | B12: =+3 -> 3
A13: good / bad | B13: -3
A14: complicated / easy | B14: 2
A15: unlikable / pleasing | B15: 2
A16: usual / leading edge | B16: =+3 -> 3
A17: unpleasant / pleasant | B17: 2
A18: secure / not secure | B18: -2
A19: motivating / demotivating | B19: -3
A20: meets expectations / does not meet | B20: -2
A21: inefficient / efficient | B21: 3
A22: clear / confusing | B22: -2
A23: impractical / practical | B23: 2
A24: organized / cluttered | B24: -3
A25: attractive / unattractive | B25: -2
A26: friendly / unfriendly | B26: -3
A27: conservative / innovative | B27: 2

Sheet UEQ_P3
A1: Item | B1: Value
A2: annoying / enjoyable | B2: =+3 -> 3
A3: not understandable / understandable | B3: =+3 -> 3
A4: creative / dull | B4: -3
A5: easy to learn / difficult to learn | B5: -3
A6: valuable / inferior | B6: -3
A7: boring / exciting | B7: 3
A8: not interesting / interesting | B8: 3
A9: unpredictable / predictable | B9: 2
A10: fast / slow | B10: -3
A11: inventive / conventional | B11: 3
A12: obstructive / supportive | B12: =+3 -> 3
A13: good / bad | B13: -3
A14: complicated / easy | B14: 3
A15: unlikable / pleasing | B15: 3
A16: usual / leading edge | B16: 0
A17: unpleasant / pleasant | B17: 3
A18: secure / not secure | B18: -3
A19: motivating / demotivating | B19: -3
A20: meets expectations / does not meet | B20: -3
A21: inefficient / efficient | B21: 3
A22: clear / confusing | B22: -3
A23: impractical / practical | B23: 3
A24: organized / cluttered | B24: -3
... A27: conservative / innovative | B27: 0

Sheet UEQ_P4
A1: Item | B1: Value
A2: annoying / enjoyable | B2: =+3 -> 3
A3: not understandable / understandable | B3: =+3 -> 3
A4: creative / dull | B4: -3
A5: easy to learn / difficult to learn | B5: -3
A6: valuable / inferior | B6: -3
A7: boring / exciting | B7: 3
A8: not interesting / interesting | B8: 3
A9: unpredictable / predictable | B9: 3
A10: fast / slow | B10: -3
A11: inventive / conventional | B11: -3
A12: obstructive / supportive | B12: =+3 -> 3
A13: good / bad | B13: -3
A14: complicated / easy | B14: 3
A15: unlikable / pleasing | B15: 3
A16: usual / leading edge | B16: 3
A17: unpleasant / pleasant | B17: 3
A18: secure / not secure | B18: -3
A19: motivating / demotivating | B19: -3
A20: meets expectations / does not meet | B20: -3
A21: inefficient / efficient | B21: 3
A22: clear / confusing | B22: -3
A23: impractical / practical | B23: 3
A24: organized / cluttered | B24: -3
... A27: conservative / innovative | B27: 3

Sheet UEQ_P5
A1: Item | B1: Value
A2: annoying / enjoyable | B2: 2
A3: not understandable / understandable | B3: 2
A4: creative / dull | B4: -3
A5: easy to learn / difficult to learn | B5: -3
A6: valuable / inferior | B6: -3
A7: boring / exciting | B7: 3
A8: not interesting / interesting | B8: 3
A9: unpredictable / predictable | B9: 2
A10: fast / slow | B10: -2
A11: inventive / conventional | B11: -2
A12: obstructive / supportive | B12: 2
A13: good / bad | B13: -3
... A27: conservative / innovative | B27: 3

Sheet UEQ_SCALES_BY_PARTICIPANT
A1: Participant | B1: Attractiveness | C1: Perspicuity | D1: Efficiency | E1: Dependability | F1: Stimulation | G1: Novelty
A2: P1 | B2: =AVERAGE(UEQ_P1!B2,UEQ_P1!B12,UEQ_P1!B14,UEQ_P1!B16,UEQ_P1!B24,UEQ_P1!B25) -> 1.1666667 | C2: =AVERAGE(UEQ_P1!B3,UEQ_P1!B5,UEQ_P1!B14,UEQ_P1!B22) -> 0.25 | D2: =AVERAGE(UEQ_P1!B10,UEQ_P1!B21,UEQ_P1!B23) -> 1 | E2: =AVERAGE(UEQ_P1!B9,UEQ_P1!B12,UEQ_P1!B18,UEQ_P1!B20) -> -0.75 | F2: =AVERAGE(UEQ_P1!B7,UEQ_P1!B8,UEQ_P1!B16,UEQ_P1!B19) -> 1.25 | G2: =AVERAGE(UEQ_P1!B4,UEQ_P1!B11,UEQ_P1!B27) -> -0.66666667
A3: P2 | B3: =AVERAGE(UEQ_P2!B2,UEQ_P2!B12,UEQ_P2!B14,UEQ_P2!B16,UEQ_P2!B24,UEQ_P2!B25) -> 1 | C3: =AVERAGE(UEQ_P2!B3,UEQ_P2!B5,UEQ_P2!B14,UEQ_P2!B22) -> 0 | D3: =AVERAGE(UEQ_P2!B10,UEQ_P2!B21,UEQ_P2!B23) -> 1 | E3: =AVERAGE(UEQ_P2!B9,UEQ_P2!B12,UEQ_P2!B18,UEQ_P2!B20) -> 0.25 | F3: =AVERAGE(UEQ_P2!B7,UEQ_P2!B8,UEQ_P2!B16,UEQ_P2!B19) -> 1.5 | G3: =AVERAGE(UEQ_P2!B4,UEQ_P2!B11,UEQ_P2!B27) -> -1
A4: P3 | B4: =AVERAGE(UEQ_P3!B2,UEQ_P3!B12,UEQ_P3!B14,UEQ_P3!B16,UEQ_P3!B24,UEQ_P3!B25) -> 0.5 | C4: =AVERAGE(UEQ_P3!B3,UEQ_P3!B5,UEQ_P3!B14,UEQ_P3!B22) -> 0 | D4: =AVERAGE(UEQ_P3!B10,UEQ_P3!B21,UEQ_P3!B23) -> 1 | E4: =AVERAGE(UEQ_P3!B9,UEQ_P3!B12,UEQ_P3!B18,UEQ_P3!B20) -> -0.25 | F4: =AVERAGE(UEQ_P3!B7,UEQ_P3!B8,UEQ_P3!B16,UEQ_P3!B19) -> 0.75 | G4: =AVERAGE(UEQ_P3!B4,UEQ_P3!B11,UEQ_P3!B27) -> 0
A5: P4 | B5: =AVERAGE(UEQ_P4!B2,UEQ_P4!B12,UEQ_P4!B14,UEQ_P4!B16,UEQ_P4!B24,UEQ_P4!B25) -> 1 | C5: =AVERAGE(UEQ_P4!B3,UEQ_P4!B5,UEQ_P4!B14,UEQ_P4!B22) -> 0 | D5: =AVERAGE(UEQ_P4!B10,UEQ_P4!B21,UEQ_P4!B23) -> 1 | E5: =AVERAGE(UEQ_P4!B9,UEQ_P4!B12,UEQ_P4!B18,UEQ_P4!B20) -> 0 | F5: =AVERAGE(UEQ_P4!B7,UEQ_P4!B8,UEQ_P4!B16,UEQ_P4!B19) -> 1.5 | G5: =AVERAGE(UEQ_P4!B4,UEQ_P4!B11,UEQ_P4!B27) -> -1
A6: P5 | B6: =AVERAGE(UEQ_P5!B2,UEQ_P5!B12,UEQ_P5!B14,UEQ_P5!B16,UEQ_P5!B24,UEQ_P5!B25) -> 0.33333333 | C6: =AVERAGE(UEQ_P5!B3,UEQ_P5!B5,UEQ_P5!B14,UEQ_P5!B22) -> -0.25 | D6: =AVERAGE(UEQ_P5!B10,UEQ_P5!B21,UEQ_P5!B23) -> 1.3333333 | E6: =AVERAGE(UEQ_P5!B9,UEQ_P5!B12,UEQ_P5!B18,UEQ_P5!B20) -> -0.5 | F6: =AVERAGE(UEQ_P5!B7,UEQ_P5!B8,UEQ_P5!B16,UEQ_P5!B19) -> 1.25 | G6: =AVERAGE(UEQ_P5!B4,UEQ_P5!B11,UEQ_P5!B27) -> -0.66666667

Sheet UEQ_FINAL
A1: Scale | B1: Mean (P1–P5)
A2: Attractiveness | B2: =AVERAGE(UEQ_SCALES_BY_PARTICIPANT!B2:B6) -> 0.8
A3: Perspicuity | B3: =AVERAGE(UEQ_SCALES_BY_PARTICIPANT!C2:C6) -> 0
A4: Efficiency | B4: =AVERAGE(UEQ_SCALES_BY_PARTICIPANT!D2:D6) -> 1.0666667
A5: Dependability | B5: =AVERAGE(UEQ_SCALES_BY_PARTICIPANT!E2:E6) -> -0.25
A6: Stimulation | B6: =AVERAGE(UEQ_SCALES_BY_PARTICIPANT!F2:F6) -> 1.25
A7: Novelty | B7: =AVERAGE(UEQ_SCALES_BY_PARTICIPANT!G2:G6) -> -0.66666667
